common,scientific,characteristic,notes,conservation,extant,hall
Platypus,Ornithorhynchus anatinus,3 MIDDLE EAR BONES,"TRICODONTRIA, MARSUPIALS, MONOTREMES: 200 mya",NT,TRUE,MAMMALS AND THEIR EXTINCT RELATIVES
Koala,Phascolarctos cinereus,3 MIDDLE EAR BONES,"TRICODONTRIA, MARSUPIALS, MONOTREMES: 200 mya",VU,TRUE,MAMMALS AND THEIR EXTINCT RELATIVES
Tamandua,Tamandua,PLACENTA,"EDENTATES, aka SLOTHS, ARMADILLOS, and ANTEATERS: 65 mya",LC,TRUE,MAMMALS AND THEIR EXTINCT RELATIVES
Civet,Civettictis civetta, STIRRUP-SHAPED STAPES ,"CARNIVORES, aka CATS, DOGS, SEALS, and BEARS: 65 mya.",LC,TRUE,MAMMALS AND THEIR EXTINCT RELATIVES
Red fox,Vulpes vulpes, STIRRUP-SHAPED STAPES ,"CARNIVORES, aka CATS, DOGS, SEALS, and BEARS: 65 mya.",LC,TRUE,MAMMALS OF NY STATE
Walrus,Odobenus rosmarus, STIRRUP-SHAPED STAPES ,"CARNIVORES, aka CATS, DOGS, SEALS, and BEARS: 65 mya.",VU,TRUE,HALL OF OCEAN LIFE
Raccoon,Procyon lotor, STIRRUP-SHAPED STAPES ,"CARNIVORES, aka CATS, DOGS, SEALS, and BEARS: 65 mya.",LC,TRUE,MAMMALS OF NY STATE
Rat,Rattus, STIRRUP-SHAPED STAPES ,"GLIRES, aka RODENTS and RABBITS: 65 mya",LC,TRUE,MAMMALS AND THEIR EXTINCT RELATIVES
Squirrel,Sciuridae, STIRRUP-SHAPED STAPES ,"GLIRES, aka RODENTS and RABBITS: 65 mya",LC,TRUE,MAMMALS AND THEIR EXTINCT RELATIVES
Mole,Talpa europaea,HOOVES,"ARCHONTANS & INSECTIVORANS, (BATS, SHREWS, MOLES, HEDGEHOGS, PRIMATES): 65 mya",LC,TRUE,MAMMALS AND THEIR EXTINCT RELATIVES
Giant Eland,Taurotragus derbianus,HOOVES,"ARTIODACTYLS, aka PIGS, HIPPOS, CAMELS, DEER, CATTLE: 60 mya",LC,TRUE,MAMMALS AND THEIR EXTINCT RELATIVES
Opossum,Didelphimorphia,3 MIDDLE EAR BONES,"TRICODONTRIA, MARSUPIALS, MONOTREMES: 200 mya",LC,TRUE,N AMERICAN MAMMALS
Nine-banded armadillo,Dasypus novemcinctus,PLACENTA ,"EDENTATES, aka SLOTHS, ARMADILLOS, and ANTEATERS: 65 mya",LC,TRUE,N AMERICAN MAMMALS
Black Bear,Ursus americanus, STIRRUP-SHAPED STAPES ,"CARNIVORES, aka CATS, DOGS, SEALS, and BEARS: 65 mya.",LC,TRUE,N AMERICAN MAMMALS
Grizzly Bear,Ursus arctos, STIRRUP-SHAPED STAPES ,"CARNIVORES, aka CATS, DOGS, SEALS, and BEARS: 65 mya.",LC,TRUE,N AMERICAN MAMMALS
Gray Fox,Urocyon cinereoargenteus, STIRRUP-SHAPED STAPES ,"CARNIVORES, aka CATS, DOGS, SEALS, and BEARS: 65 mya.",LC,TRUE,N AMERICAN MAMMALS
Raccoon,Procyon lotor, STIRRUP-SHAPED STAPES ,"CARNIVORES, aka CATS, DOGS, SEALS, and BEARS: 65 mya.",LC,TRUE,MAMMALS OF NY STATE
Canada Lynx,Lynx canadensis, STIRRUP-SHAPED STAPES ,"CARNIVORES, aka CATS, DOGS, SEALS, and BEARS: 65 mya.",LC,TRUE,N AMERICAN MAMMALS
Jaguar,Panthera onca, STIRRUP-SHAPED STAPES ,"CARNIVORES, aka CATS, DOGS, SEALS, and BEARS: 65 mya.",NT,TRUE,N AMERICAN MAMMALS
Ringtail (cacomistle),Bassariscus astutus, STIRRUP-SHAPED STAPES ,"CARNIVORES, aka CATS, DOGS, SEALS, and BEARS: 65 mya.",LC,TRUE,N AMERICAN MAMMALS
Spotted Skunk,Spilogale, STIRRUP-SHAPED STAPES ,"CARNIVORES, aka CATS, DOGS, SEALS, and BEARS: 65 mya.",LC,TRUE,N AMERICAN MAMMALS
Striped Skunk,Mephitis mephitis, STIRRUP-SHAPED STAPES ,"CARNIVORES, aka CATS, DOGS, SEALS, and BEARS: 65 mya.",LC,TRUE,N AMERICAN MAMMALS
American mink,Neovison vison, STIRRUP-SHAPED STAPES ,"CARNIVORES, aka CATS, DOGS, SEALS, and BEARS: 65 mya.",LC,TRUE,N AMERICAN MAMMALS
American Badger,Taxidea taxus, STIRRUP-SHAPED STAPES ,"CARNIVORES, aka CATS, DOGS, SEALS, and BEARS: 65 mya.",LC,TRUE,N AMERICAN MAMMALS
Wolverine, Gulo gulo, STIRRUP-SHAPED STAPES ,"CARNIVORES, aka CATS, DOGS, SEALS, and BEARS: 65 mya.",LC,TRUE,N AMERICAN MAMMALS
Ermine,Mustela erminea, STIRRUP-SHAPED STAPES ,"CARNIVORES, aka CATS, DOGS, SEALS, and BEARS: 65 mya.",LC,TRUE,N AMERICAN MAMMALS
American Marten,Martes americana, STIRRUP-SHAPED STAPES ,"CARNIVORES, aka CATS, DOGS, SEALS, and BEARS: 65 mya.",LC,TRUE,N AMERICAN MAMMALS
River Otter,Lontra canadensis, STIRRUP-SHAPED STAPES ,"CARNIVORES, aka CATS, DOGS, SEALS, and BEARS: 65 mya.",LC,TRUE,N AMERICAN MAMMALS
Black-footed ferret,Mustela nigripes, STIRRUP-SHAPED STAPES ,"CARNIVORES, aka CATS, DOGS, SEALS, and BEARS: 65 mya.",EN,TRUE,N AMERICAN MAMMALS
Cougar (Mountain Lion),Puma concolor, STIRRUP-SHAPED STAPES ,"CARNIVORES, aka CATS, DOGS, SEALS, and BEARS: 65 mya.",LC,TRUE,N AMERICAN MAMMALS
Wolf,Canis lupus, STIRRUP-SHAPED STAPES ,"CARNIVORES, aka CATS, DOGS, SEALS, and BEARS: 65 mya.",LC,TRUE,N AMERICAN MAMMALS
Alaska Brown Bear,Ursus arctos horribilis, STIRRUP-SHAPED STAPES ,"CARNIVORES, aka CATS, DOGS, SEALS, and BEARS: 65 mya.",LC,TRUE,N AMERICAN MAMMALS
Coyote,Canis latrans, STIRRUP-SHAPED STAPES ,"CARNIVORES, aka CATS, DOGS, SEALS, and BEARS: 65 mya.",LC,TRUE,MAMMALS OF NY STATE
North American Beaver,Castor canadensis, STIRRUP-SHAPED STAPES ,"GLIRES, aka RODENTS and RABBITS: 65 mya",LC,TRUE,N AMERICAN MAMMALS
Porcupine,Erethizon dorsatum, STIRRUP-SHAPED STAPES ,"GLIRES, aka RODENTS and RABBITS: 65 mya",LC,TRUE,MAMMALS OF NY STATE
Western Grey Squirrel,Sciurus griseus, STIRRUP-SHAPED STAPES ,"GLIRES, aka RODENTS and RABBITS: 65 mya",LC,TRUE,N AMERICAN MAMMALS
Snowshoe Hare,Lepus americanus, STIRRUP-SHAPED STAPES ,"GLIRES, aka RODENTS and RABBITS: 65 mya",LC,TRUE,N AMERICAN MAMMALS
Mountain Beaver,Aplodontia rufa, STIRRUP-SHAPED STAPES ,"GLIRES, aka RODENTS and RABBITS: 65 mya",LC,TRUE,N AMERICAN MAMMALS
Eastern Cottontail,Sylvilagus floridanus, STIRRUP-SHAPED STAPES ,"GLIRES, aka RODENTS and RABBITS: 65 mya",LC,TRUE,N AMERICAN MAMMALS
Black-tailed Jackrabbit,Lepus californicus, STIRRUP-SHAPED STAPES ,"GLIRES, aka RODENTS and RABBITS: 65 mya",LC,TRUE,N AMERICAN MAMMALS
Antelope Jackrabbit,Lepus alleni, STIRRUP-SHAPED STAPES ,"GLIRES, aka RODENTS and RABBITS: 65 mya",LC,TRUE,N AMERICAN MAMMALS
Abert's Squirrel,Sciurus aberti, STIRRUP-SHAPED STAPES ,"GLIRES, aka RODENTS and RABBITS: 65 mya",LC,TRUE,N AMERICAN MAMMALS
Vole,Microtus, STIRRUP-SHAPED STAPES ,"GLIRES, aka RODENTS and RABBITS: 65 mya",LC,TRUE,N AMERICAN MAMMALS
Northern Flying Squirrel,Glaucomys sabrinus, STIRRUP-SHAPED STAPES ,"GLIRES, aka RODENTS and RABBITS: 65 mya",LC,TRUE,N AMERICAN MAMMALS
Groundhog,Marmota monax, STIRRUP-SHAPED STAPES ,"GLIRES, aka RODENTS and RABBITS: 65 mya",LC,TRUE,N AMERICAN MAMMALS
American Bison,Bison bison,HOOVES,"ARTIODACTYLS, aka PIGS, HIPPOS, CAMELS, DEER, CATTLE: 60 mya",NT,TRUE,N AMERICAN MAMMALS
Pronghorn,Antilocapra americana,HOOVES,"ARTIODACTYLS, aka PIGS, HIPPOS, CAMELS, DEER, CATTLE: 60 mya",LC,TRUE,N AMERICAN MAMMALS
Dall Sheep,Ovis dalli,HOOVES,"ARTIODACTYLS, aka PIGS, HIPPOS, CAMELS, DEER, CATTLE: 60 mya",LC,TRUE,N AMERICAN MAMMALS
Bighorn Sheep,Ovis canadensis,HOOVES,"ARTIODACTYLS, aka PIGS, HIPPOS, CAMELS, DEER, CATTLE: 60 mya",LC,TRUE,N AMERICAN MAMMALS
Caribou,Rangifer tarandus,HOOVES,"ARTIODACTYLS, aka PIGS, HIPPOS, CAMELS, DEER, CATTLE: 60 mya",VU,TRUE,N AMERICAN MAMMALS
Mountain Goat,Oreamnos americanus,HOOVES,"ARTIODACTYLS, aka PIGS, HIPPOS, CAMELS, DEER, CATTLE: 60 mya",LC,TRUE,N AMERICAN MAMMALS
Musk Ox,Ovibos moschatus,HOOVES,"ARTIODACTYLS, aka PIGS, HIPPOS, CAMELS, DEER, CATTLE: 60 mya",LC,TRUE,N AMERICAN MAMMALS
Wapiti,Cervus canadensis,HOOVES,"ARTIODACTYLS, aka PIGS, HIPPOS, CAMELS, DEER, CATTLE: 60 mya",LC,TRUE,N AMERICAN MAMMALS
White-tailed Deer,Odocoileus virginianus,HOOVES,"ARTIODACTYLS, aka PIGS, HIPPOS, CAMELS, DEER, CATTLE: 60 mya",LC,TRUE,N AMERICAN MAMMALS
Mule Deer,Odocoileus hemionus,HOOVES,"ARTIODACTYLS, aka PIGS, HIPPOS, CAMELS, DEER, CATTLE: 60 mya",LC,TRUE,N AMERICAN MAMMALS
Collared Peccary,Pecari tajacu,HOOVES,"ARTIODACTYLS, aka PIGS, HIPPOS, CAMELS, DEER, CATTLE: 60 mya",LC,TRUE,N AMERICAN MAMMALS
Moose,Alces alces,HOOVES,"ARTIODACTYLS, aka PIGS, HIPPOS, CAMELS, DEER, CATTLE: 60 mya",LC,TRUE,N AMERICAN MAMMALS
Human,Homo sapiens, STIRRUP-SHAPED STAPES ,"ARCHONTANS & INSECTIVORANS, (BATS, SHREWS, MOLES, HEDGEHOGS, PRIMATES): 65 mya",LC,TRUE,HALL OF ASIAN MAMMALS
Orangutan,Pongo pygmaeus, STIRRUP-SHAPED STAPES ,"ARCHONTANS & INSECTIVORANS, (BATS, SHREWS, MOLES, HEDGEHOGS, PRIMATES): 65 mya",CR,TRUE,HALL OF PRIMATES
Northern Elephant Seal,Mirounga angustirostris, STIRRUP-SHAPED STAPES ,"CARNIVORES, aka CATS, DOGS, SEALS, and BEARS: 65 mya.",LC,TRUE,HALL OF OCEAN LIFE
Harbor Seal,Phoca vitulina, STIRRUP-SHAPED STAPES ,"CARNIVORES, aka CATS, DOGS, SEALS, and BEARS: 65 mya.",LC,TRUE,HALL OF OCEAN LIFE
Polar Bear,Ursus maritimus, STIRRUP-SHAPED STAPES ,"CARNIVORES, aka CATS, DOGS, SEALS, and BEARS: 65 mya.",VU,TRUE,HALL OF OCEAN LIFE
Northern Sea Lion,Eumetopias jubatus, STIRRUP-SHAPED STAPES ,"CARNIVORES, aka CATS, DOGS, SEALS, and BEARS: 65 mya.",NT,TRUE,HALL OF OCEAN LIFE
Sea Otter,Enhydra lutris, STIRRUP-SHAPED STAPES ,"CARNIVORES, aka CATS, DOGS, SEALS, and BEARS: 65 mya.",EN,TRUE,HALL OF OCEAN LIFE
Walrus,Odobenus rosmarus, STIRRUP-SHAPED STAPES ,"CARNIVORES, aka CATS, DOGS, SEALS, and BEARS: 65 mya.",VU,TRUE,HALL OF OCEAN LIFE
Blue Whale,Balaenoptera musculus,HOOVES,"CETACEANS, aka WHALES and DOLPHINS: 60mya",EN,TRUE,HALL OF OCEAN LIFE
West Indian manatee,Trichechus manatus,EYES TO FRONT OF SKULL,"SIRENIANS, aka DUGONGS and MANATEES",VU,TRUE,HALL OF OCEAN LIFE
Aardvark,Orycteropus afer,PLACENTA,"EDENTATES, aka SLOTHS, ARMADILLOS, and ANTEATERS: 65 mya",LC,TRUE,HALL OF BIODIVERSITY
Siberian (Amur) Tiger,Panthera tigris altaica, STIRRUP-SHAPED STAPES ,"CARNIVORES, aka CATS, DOGS, SEALS, and BEARS: 65 mya.",EN,TRUE,HALL OF BIODIVERSITY
Giant Panda,Ailuropoda melanoleuca, STIRRUP-SHAPED STAPES ,"CARNIVORES, aka CATS, DOGS, SEALS, and BEARS: 65 mya.",VU,TRUE,HALL OF BIODIVERSITY
African Giant Squirrel,Protoxerus, STIRRUP-SHAPED STAPES ,"GLIRES, aka RODENTS and RABBITS: 65 mya",LC,TRUE,HALL OF BIODIVERSITY
Giant Pouched Rat,Cricetomys, STIRRUP-SHAPED STAPES ,"GLIRES, aka RODENTS and RABBITS: 65 mya",LC,TRUE,HALL OF BIODIVERSITY
Western Lowland Gorilla,Gorilla gorilla gorilla, STIRRUP-SHAPED STAPES ,"ARCHONTANS & INSECTIVORANS, (BATS, SHREWS, MOLES, HEDGEHOGS, PRIMATES): 65 mya",CR,TRUE,HALL OF BIODIVERSITY
Elegant needle-clawed galago,Euoticus elegantulus, STIRRUP-SHAPED STAPES ,"ARCHONTANS & INSECTIVORANS, (BATS, SHREWS, MOLES, HEDGEHOGS, PRIMATES): 65 mya",LC,TRUE,HALL OF BIODIVERSITY
Potto,Perodicticus potto, STIRRUP-SHAPED STAPES ,"ARCHONTANS & INSECTIVORANS, (BATS, SHREWS, MOLES, HEDGEHOGS, PRIMATES): 65 mya",LC,TRUE,HALL OF PRIMATES
Aye-aye,Daubentonia madagascariensis, STIRRUP-SHAPED STAPES ,"ARCHONTANS & INSECTIVORANS, (BATS, SHREWS, MOLES, HEDGEHOGS, PRIMATES): 65 mya",EN,TRUE,HALL OF BIODIVERSITY
Gray gibbon,Hylobates muelleri, STIRRUP-SHAPED STAPES ,"ARCHONTANS & INSECTIVORANS, (BATS, SHREWS, MOLES, HEDGEHOGS, PRIMATES): 65 mya",EN,TRUE,HALL OF BIODIVERSITY
Diademed Sifaka,Propithecus diadema, STIRRUP-SHAPED STAPES ,"ARCHONTANS & INSECTIVORANS, (BATS, SHREWS, MOLES, HEDGEHOGS, PRIMATES): 65 mya",CR,TRUE,HALL OF BIODIVERSITY
Black and white ruffed lemur,Varecia variegata, STIRRUP-SHAPED STAPES ,"ARCHONTANS & INSECTIVORANS, (BATS, SHREWS, MOLES, HEDGEHOGS, PRIMATES): 65 mya",CR,TRUE,HALL OF BIODIVERSITY
Singing fruit bat,Pteropus vampyrus, STIRRUP-SHAPED STAPES ,"ARCHONTANS & INSECTIVORANS, (BATS, SHREWS, MOLES, HEDGEHOGS, PRIMATES): 65 mya",NT,TRUE,HALL OF BIODIVERSITY
Golden-Capped Fruit Bat,Acerodon jubatus, STIRRUP-SHAPED STAPES ,"ARCHONTANS & INSECTIVORANS, (BATS, SHREWS, MOLES, HEDGEHOGS, PRIMATES): 65 mya",EN,TRUE,HALL OF BIODIVERSITY
Putty-nosed monkey,Cercopithecus nictitans, STIRRUP-SHAPED STAPES ,"ARCHONTANS & INSECTIVORANS, (BATS, SHREWS, MOLES, HEDGEHOGS, PRIMATES): 65 mya",LC,TRUE,HALL OF BIODIVERSITY
Moustached monkey,Cercopithecus cephus, STIRRUP-SHAPED STAPES ,"ARCHONTANS & INSECTIVORANS, (BATS, SHREWS, MOLES, HEDGEHOGS, PRIMATES): 65 mya",LC,TRUE,HALL OF BIODIVERSITY
Giant Otter Shrew,Potamogale velox, STIRRUP-SHAPED STAPES ,"ARCHONTANS & INSECTIVORANS, (BATS, SHREWS, MOLES, HEDGEHOGS, PRIMATES): 65 mya",LC,TRUE,HALL OF BIODIVERSITY
Blue duiker,Philantomba monticola,HOOVES,"ARTIODACTYLS, aka PIGS, HIPPOS, CAMELS, DEER, CATTLE: 60 mya",LC,TRUE,HALL OF BIODIVERSITY
Dugong,Dugong dugon,EYES TO FRONT OF SKULL,"SIRENIANS, aka DUGONGS and MANATEES",VU,TRUE,HALL OF BIODIVERSITY
Leopard,Panthera pardus,HOOVES,"CARNIVORES, aka CATS, DOGS, SEALS, and BEARS: 65 mya.",VU,TRUE,HALL OF ASIAN MAMMALS
Spotted hyenas,Crocuta crocuta, STIRRUP-SHAPED STAPES ,"CARNIVORES, aka CATS, DOGS, SEALS, and BEARS: 65 mya.",LC,TRUE,HALL OF AFRICAN MAMMALS
Hunting dog,Lycaon pictus, STIRRUP-SHAPED STAPES ,"CARNIVORES, aka CATS, DOGS, SEALS, and BEARS: 65 mya.",EN,TRUE,HALL OF AFRICAN MAMMALS
Black-backed jackals,Canis mesomelas, STIRRUP-SHAPED STAPES ,"CARNIVORES, aka CATS, DOGS, SEALS, and BEARS: 65 mya.",LC,TRUE,HALL OF AFRICAN MAMMALS
Cheetah,Acinonyx jubatus, STIRRUP-SHAPED STAPES ,"CARNIVORES, aka CATS, DOGS, SEALS, and BEARS: 65 mya.",VU,TRUE,HALL OF AFRICAN MAMMALS
Lion,Panthera leo, STIRRUP-SHAPED STAPES ,"CARNIVORES, aka CATS, DOGS, SEALS, and BEARS: 65 mya.",VU,TRUE,HALL OF AFRICAN MAMMALS
Crested porcupine,Hystrix cristata,,"GLIRES, aka RODENTS and RABBITS: 65 mya",LC,TRUE,HALL OF AFRICAN MAMMALS
Chimpanzee,Pan, STIRRUP-SHAPED STAPES ,"ARCHONTANS & INSECTIVORANS, (BATS, SHREWS, MOLES, HEDGEHOGS, PRIMATES): 65 mya",EN,TRUE,HALL OF ASIAN MAMMALS
Mandrill,Mandrillus sphinx, STIRRUP-SHAPED STAPES ,"ARCHONTANS & INSECTIVORANS, (BATS, SHREWS, MOLES, HEDGEHOGS, PRIMATES): 65 mya",VU,TRUE,HALL OF AFRICAN MAMMALS
Gorilla,Gorilla gorilla gorilla, STIRRUP-SHAPED STAPES ,"ARCHONTANS & INSECTIVORANS, (BATS, SHREWS, MOLES, HEDGEHOGS, PRIMATES): 65 mya",CR,TRUE,HALL OF ASIAN MAMMALS
White-mantled colobus,Colobus, STIRRUP-SHAPED STAPES ,"ARCHONTANS & INSECTIVORANS, (BATS, SHREWS, MOLES, HEDGEHOGS, PRIMATES): 65 mya",LC,TRUE,HALL OF AFRICAN MAMMALS
Hedgehog,Erinaceinae, STIRRUP-SHAPED STAPES ,"ARCHONTANS & INSECTIVORANS, (BATS, SHREWS, MOLES, HEDGEHOGS, PRIMATES): 65 mya",LC,TRUE,HALL OF AFRICAN MAMMALS
White rhino,Ceratotherium simum,HOOVES,"PERISSODACTYLS, aka HORSES, RHINOS, and TAPIRS: 60mya",NT,TRUE,HALL OF AFRICAN MAMMALS
Black rhino,Diceros bicornis,HOOVES,"PERISSODACTYLS, aka HORSES, RHINOS, and TAPIRS: 60mya",CR,TRUE,HALL OF AFRICAN MAMMALS
Grevy's zebra,Equus grevyi,HOOVES,"PERISSODACTYLS, aka HORSES, RHINOS, and TAPIRS: 60mya",EN,TRUE,HALL OF AFRICAN MAMMALS
Warthog ,Phacochoerus africanus,HOOVES,"ARTIODACTYLS, aka PIGS, HIPPOS, CAMELS, DEER, CATTLE: 60 mya",LC,TRUE,HALL OF AFRICAN MAMMALS
Bush pig,Potamochoerus larvatus,HOOVES,"ARTIODACTYLS, aka PIGS, HIPPOS, CAMELS, DEER, CATTLE: 60 mya",LC,TRUE,HALL OF AFRICAN MAMMALS
Forest hog,Hylochoerus meinertzhageni,HOOVES,"ARTIODACTYLS, aka PIGS, HIPPOS, CAMELS, DEER, CATTLE: 60 mya",LC,TRUE,HALL OF AFRICAN MAMMALS
Giraffe,Giraffa,HOOVES,"ARTIODACTYLS, aka PIGS, HIPPOS, CAMELS, DEER, CATTLE: 60 mya",VU,TRUE,HALL OF AFRICAN MAMMALS
Okapi,Okapia johnstoni,HOOVES,"ARTIODACTYLS, aka PIGS, HIPPOS, CAMELS, DEER, CATTLE: 60 mya",EN,TRUE,HALL OF AFRICAN MAMMALS
Blue wildebeest,Connochaetes taurinus,HOOVES,"ARTIODACTYLS, aka PIGS, HIPPOS, CAMELS, DEER, CATTLE: 60 mya",LC,TRUE,HALL OF AFRICAN MAMMALS
Hartebeest,Alcelaphus buselaphus,HOOVES,"ARTIODACTYLS, aka PIGS, HIPPOS, CAMELS, DEER, CATTLE: 60 mya",LC,TRUE,HALL OF AFRICAN MAMMALS
Greater koodoo,Tragelaphus strepsiceros,HOOVES,"ARTIODACTYLS, aka PIGS, HIPPOS, CAMELS, DEER, CATTLE: 60 mya",LC,TRUE,HALL OF AFRICAN MAMMALS
Giant sable,Hippotragus niger variani,HOOVES,"ARTIODACTYLS, aka PIGS, HIPPOS, CAMELS, DEER, CATTLE: 60 mya",CR,TRUE,HALL OF AFRICAN MAMMALS
Gemsbok,Oryx gazella,HOOVES,"ARTIODACTYLS, aka PIGS, HIPPOS, CAMELS, DEER, CATTLE: 60 mya",LC,TRUE,HALL OF AFRICAN MAMMALS
Addax antelopes,Addax nasomaculatus,HOOVES,"ARTIODACTYLS, aka PIGS, HIPPOS, CAMELS, DEER, CATTLE: 60 mya",CR,TRUE,HALL OF AFRICAN MAMMALS
Scimitar-horned oryx,Oryx dammah,HOOVES,"ARTIODACTYLS, aka PIGS, HIPPOS, CAMELS, DEER, CATTLE: 60 mya",EW,TRUE,HALL OF AFRICAN MAMMALS
Addra gazelle,Nanger dama,HOOVES,"ARTIODACTYLS, aka PIGS, HIPPOS, CAMELS, DEER, CATTLE: 60 mya",CR,TRUE,HALL OF AFRICAN MAMMALS
Beisa oryx,Oryx beisa,HOOVES,"ARTIODACTYLS, aka PIGS, HIPPOS, CAMELS, DEER, CATTLE: 60 mya",NT,TRUE,HALL OF AFRICAN MAMMALS
Mountain nyala,Tragelaphus buxtoni,HOOVES,"ARTIODACTYLS, aka PIGS, HIPPOS, CAMELS, DEER, CATTLE: 60 mya",EN,TRUE,HALL OF AFRICAN MAMMALS
African Buffalo,Syncerus caffer,HOOVES,"ARTIODACTYLS, aka PIGS, HIPPOS, CAMELS, DEER, CATTLE: 60 mya",LC,TRUE,HALL OF AFRICAN MAMMALS
Klipspringer,Oreotragus oreotragus,HOOVES,"ARTIODACTYLS, aka PIGS, HIPPOS, CAMELS, DEER, CATTLE: 60 mya",LC,TRUE,HALL OF AFRICAN MAMMALS
Mountain reedbucks,Redunca fulvorufula,HOOVES,"ARTIODACTYLS, aka PIGS, HIPPOS, CAMELS, DEER, CATTLE: 60 mya",LC,TRUE,HALL OF AFRICAN MAMMALS
Sitatunga,Tragelaphus spekii,HOOVES,"ARTIODACTYLS, aka PIGS, HIPPOS, CAMELS, DEER, CATTLE: 60 mya",LC,TRUE,HALL OF AFRICAN MAMMALS
Waterbuck,Kobus ellipsiprymnus,HOOVES,"ARTIODACTYLS, aka PIGS, HIPPOS, CAMELS, DEER, CATTLE: 60 mya",LC,TRUE,HALL OF AFRICAN MAMMALS
Lechwe,Kobus leche,HOOVES,"ARTIODACTYLS, aka PIGS, HIPPOS, CAMELS, DEER, CATTLE: 60 mya",LC,TRUE,HALL OF AFRICAN MAMMALS
Kob,Kobus kob,HOOVES,"ARTIODACTYLS, aka PIGS, HIPPOS, CAMELS, DEER, CATTLE: 60 mya",LC,TRUE,HALL OF AFRICAN MAMMALS
Roan antelope,Hippotragus equinus,HOOVES,"ARTIODACTYLS, aka PIGS, HIPPOS, CAMELS, DEER, CATTLE: 60 mya",LC,TRUE,HALL OF AFRICAN MAMMALS
Bongo,Tragelaphus eurycerus,HOOVES,"ARTIODACTYLS, aka PIGS, HIPPOS, CAMELS, DEER, CATTLE: 60 mya",NT,TRUE,HALL OF AFRICAN MAMMALS
Lesser kudu,Tragelaphus imberbis,HOOVES,"ARTIODACTYLS, aka PIGS, HIPPOS, CAMELS, DEER, CATTLE: 60 mya",NT,TRUE,HALL OF AFRICAN MAMMALS
Giant Eland,Taurotragus derbianus,HOOVES,"ARTIODACTYLS, aka PIGS, HIPPOS, CAMELS, DEER, CATTLE: 60 mya",NT,TRUE,MAMMALS AND THEIR EXTINCT RELATIVES
Impala,Aepyceros melampus,HOOVES,"ARTIODACTYLS, aka PIGS, HIPPOS, CAMELS, DEER, CATTLE: 60 mya",LC,TRUE,HALL OF AFRICAN MAMMALS
Black wildebeest,Connochaetes gnou,HOOVES,"ARTIODACTYLS, aka PIGS, HIPPOS, CAMELS, DEER, CATTLE: 60 mya",LC,TRUE,HALL OF AFRICAN MAMMALS
Blesbok,Damaliscus pygargus phillipsi,HOOVES,"ARTIODACTYLS, aka PIGS, HIPPOS, CAMELS, DEER, CATTLE: 60 mya",LC,TRUE,HALL OF AFRICAN MAMMALS
Springbok,Antidorcas marsupialis,HOOVES,"ARTIODACTYLS, aka PIGS, HIPPOS, CAMELS, DEER, CATTLE: 60 mya",LC,TRUE,HALL OF AFRICAN MAMMALS
Hippopotamus,Hippopotamus amphibius,HOOVES,"CETACEANS, aka WHALES and DOLPHINS: 60mya",VU,TRUE,HALL OF AFRICAN MAMMALS
African Elephants,Loxodonta,HOOVES,"PROBOSCIDEANS, aka ELEPHANTS and MAMMOTHS",VU,TRUE,HALL OF AFRICAN MAMMALS
Hyrax,Hyracoidea,HOOVES,"SIRENIANS, aka DUGONGS and MANATEES",LC,TRUE,HALL OF ASIAN MAMMALS
Tiger,Panthera tigris,HOOVES,"CARNIVORES, aka CATS, DOGS, SEALS, and BEARS: 65 mya.",EN,TRUE,HALL OF ASIAN MAMMALS
Sloth bear,Melursus ursinus,HOOVES,"CARNIVORES, aka CATS, DOGS, SEALS, and BEARS: 65 mya.",VU,TRUE,HALL OF ASIAN MAMMALS
Indian lion,Panthera leo persica,HOOVES,"CARNIVORES, aka CATS, DOGS, SEALS, and BEARS: 65 mya.",EN,TRUE,HALL OF ASIAN MAMMALS
Wild Dog,Lycaon pictus,HOOVES,"CARNIVORES, aka CATS, DOGS, SEALS, and BEARS: 65 mya.",EN,TRUE,HALL OF ASIAN MAMMALS
Leopard,Panthera pardus,HOOVES,"CARNIVORES, aka CATS, DOGS, SEALS, and BEARS: 65 mya.",VU,TRUE,HALL OF ASIAN MAMMALS
Indian smooth otter,Lutrogale perspicillata,HOOVES,"CARNIVORES, aka CATS, DOGS, SEALS, and BEARS: 65 mya.",VU,TRUE,HALL OF ASIAN MAMMALS
Hoolock gibbon,Hoolock, STIRRUP-SHAPED STAPES ,"ARCHONTANS & INSECTIVORANS, (BATS, SHREWS, MOLES, HEDGEHOGS, PRIMATES): 65 mya",EN,TRUE,HALL OF ASIAN MAMMALS
Indian rhinoceros,Rhinoceros unicornis,HOOVES,"PERISSODACTYLS, aka HORSES, RHINOS, and TAPIRS: 60mya",VU,TRUE,HALL OF ASIAN MAMMALS
Sumatran rhinoceros,Dicerorhinus sumatrensis,HOOVES,"PERISSODACTYLS, aka HORSES, RHINOS, and TAPIRS: 60mya",CR,TRUE,HALL OF ASIAN MAMMALS
Indian wild boar,Sus scrofa cristatus,HOOVES,"ARTIODACTYLS, aka PIGS, HIPPOS, CAMELS, DEER, CATTLE: 60 mya",LC,TRUE,HALL OF ASIAN MAMMALS
Water buffalo,Bubalus bubalis,HOOVES,"ARTIODACTYLS, aka PIGS, HIPPOS, CAMELS, DEER, CATTLE: 60 mya",EN,TRUE,HALL OF ASIAN MAMMALS
Gaur,Bos gaurus,HOOVES,"ARTIODACTYLS, aka PIGS, HIPPOS, CAMELS, DEER, CATTLE: 60 mya",VU,TRUE,MAMMALS AND THEIR EXTINCT RELATIVES
Banteng,Bos javanicus,HOOVES,"ARTIODACTYLS, aka PIGS, HIPPOS, CAMELS, DEER, CATTLE: 60 mya",EN,TRUE,HALL OF ASIAN MAMMALS
Spotted chevrotain,Moschiola indica,HOOVES,"ARTIODACTYLS, aka PIGS, HIPPOS, CAMELS, DEER, CATTLE: 60 mya",LC,TRUE,HALL OF ASIAN MAMMALS
Swamp deer,Rucervus duvaucelii,HOOVES,"ARTIODACTYLS, aka PIGS, HIPPOS, CAMELS, DEER, CATTLE: 60 mya",VU,TRUE,HALL OF ASIAN MAMMALS
Hog deer,Axis porcinus,HOOVES,"ARTIODACTYLS, aka PIGS, HIPPOS, CAMELS, DEER, CATTLE: 60 mya",EN,TRUE,HALL OF ASIAN MAMMALS
Four-horned antelope,Tetracerus quadricornis,HOOVES,"ARTIODACTYLS, aka PIGS, HIPPOS, CAMELS, DEER, CATTLE: 60 mya",VU,TRUE,HALL OF ASIAN MAMMALS
Chital deer,Axis axis,HOOVES,"ARTIODACTYLS, aka PIGS, HIPPOS, CAMELS, DEER, CATTLE: 60 mya",LC,TRUE,HALL OF ASIAN MAMMALS
Black Buck,Antilope cervicapra,HOOVES,"ARTIODACTYLS, aka PIGS, HIPPOS, CAMELS, DEER, CATTLE: 60 mya",NT,TRUE,HALL OF ASIAN MAMMALS
Chinkara,Gazella bennettii,HOOVES,"ARTIODACTYLS, aka PIGS, HIPPOS, CAMELS, DEER, CATTLE: 60 mya",LC,TRUE,HALL OF ASIAN MAMMALS
Sambar,Rusa unicolor,HOOVES,"ARTIODACTYLS, aka PIGS, HIPPOS, CAMELS, DEER, CATTLE: 60 mya",VU,TRUE,HALL OF ASIAN MAMMALS
Asian Elephants,Elephas maximus,EYES TO FRONT OF SKULL,"PROBOSCIDEANS, aka ELEPHANTS and MAMMOTHS",EN,TRUE,HALL OF ASIAN MAMMALS
Siamang (gibbon),Symphalangus syndactylus, STIRRUP-SHAPED STAPES ,"ARCHONTANS & INSECTIVORANS, (BATS, SHREWS, MOLES, HEDGEHOGS, PRIMATES): 65 mya",EN,TRUE,HALL OF PRIMATES
Orangutan,Pongo pygmaeus, STIRRUP-SHAPED STAPES ,"ARCHONTANS & INSECTIVORANS, (BATS, SHREWS, MOLES, HEDGEHOGS, PRIMATES): 65 mya",CR,TRUE,HALL OF PRIMATES
Javanese Tupaia,Tupaia javanica, STIRRUP-SHAPED STAPES ,"ARCHONTANS & INSECTIVORANS, (BATS, SHREWS, MOLES, HEDGEHOGS, PRIMATES): 65 mya",LC,TRUE,HALL OF PRIMATES
Aye Aye,Daubentonia madagascariensis, STIRRUP-SHAPED STAPES ,"ARCHONTANS & INSECTIVORANS, (BATS, SHREWS, MOLES, HEDGEHOGS, PRIMATES): 65 mya",EN,TRUE,HALL OF PRIMATES
Potto,Perodicticus potto, STIRRUP-SHAPED STAPES ,"ARCHONTANS & INSECTIVORANS, (BATS, SHREWS, MOLES, HEDGEHOGS, PRIMATES): 65 mya",LC,TRUE,HALL OF PRIMATES
Slow loris,Nycticebus, STIRRUP-SHAPED STAPES ,"ARCHONTANS & INSECTIVORANS, (BATS, SHREWS, MOLES, HEDGEHOGS, PRIMATES): 65 mya",VU,TRUE,HALL OF PRIMATES
Slender loris,Loris, STIRRUP-SHAPED STAPES ,"ARCHONTANS & INSECTIVORANS, (BATS, SHREWS, MOLES, HEDGEHOGS, PRIMATES): 65 mya",VU,TRUE,HALL OF PRIMATES
Western tarsier,Cephalopachus bancanus, STIRRUP-SHAPED STAPES ,"ARCHONTANS & INSECTIVORANS, (BATS, SHREWS, MOLES, HEDGEHOGS, PRIMATES): 65 mya",VU,TRUE,HALL OF PRIMATES
Bearded saki,Chiropotes, STIRRUP-SHAPED STAPES ,"ARCHONTANS & INSECTIVORANS, (BATS, SHREWS, MOLES, HEDGEHOGS, PRIMATES): 65 mya",CR,TRUE,HALL OF PRIMATES
Saki,Pithecia, STIRRUP-SHAPED STAPES ,"ARCHONTANS & INSECTIVORANS, (BATS, SHREWS, MOLES, HEDGEHOGS, PRIMATES): 65 mya",LC,TRUE,HALL OF PRIMATES
Owl monkey,Aotus trivirgatus, STIRRUP-SHAPED STAPES ,"ARCHONTANS & INSECTIVORANS, (BATS, SHREWS, MOLES, HEDGEHOGS, PRIMATES): 65 mya",LC,TRUE,HALL OF PRIMATES
Proboscis monkey,Nasalis larvatus, STIRRUP-SHAPED STAPES ,"ARCHONTANS & INSECTIVORANS, (BATS, SHREWS, MOLES, HEDGEHOGS, PRIMATES): 65 mya",EN,TRUE,HALL OF PRIMATES
Patas monkey,Erythrocebus patas, STIRRUP-SHAPED STAPES ,"ARCHONTANS & INSECTIVORANS, (BATS, SHREWS, MOLES, HEDGEHOGS, PRIMATES): 65 mya",LC,TRUE,HALL OF PRIMATES
Diana monkey,Cercopithecus diana, STIRRUP-SHAPED STAPES ,"ARCHONTANS & INSECTIVORANS, (BATS, SHREWS, MOLES, HEDGEHOGS, PRIMATES): 65 mya",VU,TRUE,HALL OF PRIMATES
Gelada baboon,Theropithecus gelada, STIRRUP-SHAPED STAPES ,"ARCHONTANS & INSECTIVORANS, (BATS, SHREWS, MOLES, HEDGEHOGS, PRIMATES): 65 mya",LC,TRUE,HALL OF ASIAN MAMMALS
Anubis baboon,Papio anubis, STIRRUP-SHAPED STAPES ,"ARCHONTANS & INSECTIVORANS, (BATS, SHREWS, MOLES, HEDGEHOGS, PRIMATES): 65 mya",LC,TRUE,HALL OF ASIAN MAMMALS
Chacma baboon,Papio ursinus, STIRRUP-SHAPED STAPES ,"ARCHONTANS & INSECTIVORANS, (BATS, SHREWS, MOLES, HEDGEHOGS, PRIMATES): 65 mya",LC,TRUE,HALL OF ASIAN MAMMALS
Collared mangabey,Cercocebus torquatus, STIRRUP-SHAPED STAPES ,"ARCHONTANS & INSECTIVORANS, (BATS, SHREWS, MOLES, HEDGEHOGS, PRIMATES): 65 mya",VU,TRUE,HALL OF ASIAN MAMMALS
Hoolock gibbon,Hoolock, STIRRUP-SHAPED STAPES ,"ARCHONTANS & INSECTIVORANS, (BATS, SHREWS, MOLES, HEDGEHOGS, PRIMATES): 65 mya",EN,TRUE,HALL OF ASIAN MAMMALS
White handed gibbon,Hylobates lar, STIRRUP-SHAPED STAPES ,"ARCHONTANS & INSECTIVORANS, (BATS, SHREWS, MOLES, HEDGEHOGS, PRIMATES): 65 mya",EN,TRUE,HALL OF ASIAN MAMMALS
Gorilla,Gorilla, STIRRUP-SHAPED STAPES ,"ARCHONTANS & INSECTIVORANS, (BATS, SHREWS, MOLES, HEDGEHOGS, PRIMATES): 65 mya",CR,TRUE,HALL OF ASIAN MAMMALS
Chimpanzee,Pan, STIRRUP-SHAPED STAPES ,"ARCHONTANS & INSECTIVORANS, (BATS, SHREWS, MOLES, HEDGEHOGS, PRIMATES): 65 mya",EN,TRUE,HALL OF ASIAN MAMMALS
Human,Homo sapiens, STIRRUP-SHAPED STAPES ,"ARCHONTANS & INSECTIVORANS, (BATS, SHREWS, MOLES, HEDGEHOGS, PRIMATES): 65 mya",LC,TRUE,HALL OF ASIAN MAMMALS
Opossum,Didelphimorphia,3 MIDDLE EAR BONES,"TRICODONTRIA, MARSUPIALS, MONOTREMES: 200 mya",LC,TRUE,N AMERICAN MAMMALS
Bobcat,Lynx rufus, STIRRUP-SHAPED STAPES ,"CARNIVORES, aka CATS, DOGS, SEALS, and BEARS: 65 mya.",LC,TRUE,MAMMALS OF NY STATE
Lynx,Lynx, STIRRUP-SHAPED STAPES ,"CARNIVORES, aka CATS, DOGS, SEALS, and BEARS: 65 mya.",LC,TRUE,MAMMALS OF NY STATE
Red fox,Vulpes vulpes, STIRRUP-SHAPED STAPES ,"CARNIVORES, aka CATS, DOGS, SEALS, and BEARS: 65 mya.",LC,TRUE,MAMMALS OF NY STATE
Gray fox,Urocyon cinereoargenteus, STIRRUP-SHAPED STAPES ,"CARNIVORES, aka CATS, DOGS, SEALS, and BEARS: 65 mya.",LC,TRUE,MAMMALS OF NY STATE
Coyote,Canis latrans, STIRRUP-SHAPED STAPES ,"CARNIVORES, aka CATS, DOGS, SEALS, and BEARS: 65 mya.",LC,TRUE,MAMMALS OF NY STATE
Fisher,Martes pennanti, STIRRUP-SHAPED STAPES ,"CARNIVORES, aka CATS, DOGS, SEALS, and BEARS: 65 mya.",LC,TRUE,MAMMALS OF NY STATE
Marten,Martes, STIRRUP-SHAPED STAPES ,"CARNIVORES, aka CATS, DOGS, SEALS, and BEARS: 65 mya.",LC,TRUE,MAMMALS OF NY STATE
Mink,Neovison vison, STIRRUP-SHAPED STAPES ,"CARNIVORES, aka CATS, DOGS, SEALS, and BEARS: 65 mya.",LC,TRUE,MAMMALS OF NY STATE
Short-tailed weasel,Mustela erminea, STIRRUP-SHAPED STAPES ,"CARNIVORES, aka CATS, DOGS, SEALS, and BEARS: 65 mya.",LC,TRUE,MAMMALS OF NY STATE
Long-tailed weasel,Mustela frenata, STIRRUP-SHAPED STAPES ,"CARNIVORES, aka CATS, DOGS, SEALS, and BEARS: 65 mya.",LC,TRUE,MAMMALS OF NY STATE
Otter,Lutra lutra, STIRRUP-SHAPED STAPES ,"CARNIVORES, aka CATS, DOGS, SEALS, and BEARS: 65 mya.",NT,TRUE,MAMMALS OF NY STATE
Eastern skunk,Spilogale putorius, STIRRUP-SHAPED STAPES ,"CARNIVORES, aka CATS, DOGS, SEALS, and BEARS: 65 mya.",VU,TRUE,MAMMALS OF NY STATE
Raccoon,Procyon lotor, STIRRUP-SHAPED STAPES ,"CARNIVORES, aka CATS, DOGS, SEALS, and BEARS: 65 mya.",LC,TRUE,MAMMALS OF NY STATE
Eastern cottontail,Sylvilagus floridanus, STIRRUP-SHAPED STAPES ,"GLIRES, aka RODENTS and RABBITS: 65 mya",LC,TRUE,MAMMALS OF NY STATE
New England cottontail,Sylvilagus transitionalis, STIRRUP-SHAPED STAPES ,"GLIRES, aka RODENTS and RABBITS: 65 mya",VU,TRUE,MAMMALS OF NY STATE
European hare,Lepus europaeus, STIRRUP-SHAPED STAPES ,"GLIRES, aka RODENTS and RABBITS: 65 mya",LC,TRUE,MAMMALS OF NY STATE
Snowshoe hare,Lepus americanus, STIRRUP-SHAPED STAPES ,"GLIRES, aka RODENTS and RABBITS: 65 mya",LC,TRUE,MAMMALS OF NY STATE
Beaver,Castor, STIRRUP-SHAPED STAPES ,"GLIRES, aka RODENTS and RABBITS: 65 mya",LC,TRUE,MAMMALS OF NY STATE
Meadow mouse,Microtus, STIRRUP-SHAPED STAPES ,"GLIRES, aka RODENTS and RABBITS: 65 mya",LC,TRUE,MAMMALS OF NY STATE
Yellow-nosed vole,Microtus chrotorrhinus, STIRRUP-SHAPED STAPES ,"GLIRES, aka RODENTS and RABBITS: 65 mya",LC,TRUE,MAMMALS OF NY STATE
Woodland mouse,Napaeozapus insignis, STIRRUP-SHAPED STAPES ,"GLIRES, aka RODENTS and RABBITS: 65 mya",LC,TRUE,MAMMALS OF NY STATE
House mouse,Mus, STIRRUP-SHAPED STAPES ,"GLIRES, aka RODENTS and RABBITS: 65 mya",LC,TRUE,MAMMALS OF NY STATE
Deer mouse,Peromyscus keeni, STIRRUP-SHAPED STAPES ,"GLIRES, aka RODENTS and RABBITS: 65 mya",LC,TRUE,MAMMALS OF NY STATE
White-footed mouse,Peromyscus leucopus, STIRRUP-SHAPED STAPES ,"GLIRES, aka RODENTS and RABBITS: 65 mya",LC,TRUE,MAMMALS OF NY STATE
Southern bog lemming,Synaptomys cooperi, STIRRUP-SHAPED STAPES ,"GLIRES, aka RODENTS and RABBITS: 65 mya",LC,TRUE,MAMMALS OF NY STATE
Meadow jumping mouse,Zapus hudsonius, STIRRUP-SHAPED STAPES ,"GLIRES, aka RODENTS and RABBITS: 65 mya",LC,TRUE,MAMMALS OF NY STATE
Woodland jumping mouse,Napaeozapus insignis, STIRRUP-SHAPED STAPES ,"GLIRES, aka RODENTS and RABBITS: 65 mya",LC,TRUE,MAMMALS OF NY STATE
Red-backed mouse,Myodes, STIRRUP-SHAPED STAPES ,"GLIRES, aka RODENTS and RABBITS: 65 mya",LC,TRUE,MAMMALS OF NY STATE
Eastern wood rat,Neotoma floridana, STIRRUP-SHAPED STAPES ,"GLIRES, aka RODENTS and RABBITS: 65 mya",LC,TRUE,MAMMALS OF NY STATE
Norway rat,Rattus norvegicus, STIRRUP-SHAPED STAPES ,"GLIRES, aka RODENTS and RABBITS: 65 mya",LC,TRUE,MAMMALS OF NY STATE
Black rat,Rattus rattus, STIRRUP-SHAPED STAPES ,"GLIRES, aka RODENTS and RABBITS: 65 mya",LC,TRUE,MAMMALS OF NY STATE
Muskrat,Ondatra, STIRRUP-SHAPED STAPES ,"GLIRES, aka RODENTS and RABBITS: 65 mya",LC,TRUE,MAMMALS OF NY STATE
Northern flying squirrel,Glaucomys sabrinus, STIRRUP-SHAPED STAPES ,"GLIRES, aka RODENTS and RABBITS: 65 mya",LC,TRUE,MAMMALS OF NY STATE
Red squirrel,Sciurus vulgaris, STIRRUP-SHAPED STAPES ,"GLIRES, aka RODENTS and RABBITS: 65 mya",LC,TRUE,MAMMALS OF NY STATE
Chipmunk,Tamias, STIRRUP-SHAPED STAPES ,"GLIRES, aka RODENTS and RABBITS: 65 mya",LC,TRUE,MAMMALS OF NY STATE
Woodchuck,Marmota monax, STIRRUP-SHAPED STAPES ,"GLIRES, aka RODENTS and RABBITS: 65 mya",LC,TRUE,MAMMALS OF NY STATE
Gray squirrel,Sciurus carolinensis, STIRRUP-SHAPED STAPES ,"GLIRES, aka RODENTS and RABBITS: 65 mya",LC,TRUE,MAMMALS OF NY STATE
Porcupine,Erethizon dorsatum, STIRRUP-SHAPED STAPES ,"GLIRES, aka RODENTS and RABBITS: 65 mya",LC,TRUE,MAMMALS OF NY STATE
Silver-haired bat,Lasionycteris noctivagans, STIRRUP-SHAPED STAPES ,"ARCHONTANS & INSECTIVORANS, (BATS, SHREWS, MOLES, HEDGEHOGS, PRIMATES): 65 mya",LC,TRUE,MAMMALS OF NY STATE
Hoary bat,Lasiurus cinereus, STIRRUP-SHAPED STAPES ,"ARCHONTANS & INSECTIVORANS, (BATS, SHREWS, MOLES, HEDGEHOGS, PRIMATES): 65 mya",LC,TRUE,MAMMALS OF NY STATE
Red bat,Lasiurus borealis, STIRRUP-SHAPED STAPES ,"ARCHONTANS & INSECTIVORANS, (BATS, SHREWS, MOLES, HEDGEHOGS, PRIMATES): 65 mya",LC,TRUE,MAMMALS OF NY STATE
Big brown bat,Eptesicus fuscus, STIRRUP-SHAPED STAPES ,"ARCHONTANS & INSECTIVORANS, (BATS, SHREWS, MOLES, HEDGEHOGS, PRIMATES): 65 mya",LC,TRUE,MAMMALS OF NY STATE
Least brown bat,Myotis lucifugus, STIRRUP-SHAPED STAPES ,"ARCHONTANS & INSECTIVORANS, (BATS, SHREWS, MOLES, HEDGEHOGS, PRIMATES): 65 mya",LC,TRUE,MAMMALS OF NY STATE
Social bat,Myotis sodalis, STIRRUP-SHAPED STAPES ,"ARCHONTANS & INSECTIVORANS, (BATS, SHREWS, MOLES, HEDGEHOGS, PRIMATES): 65 mya",NT,TRUE,MAMMALS OF NY STATE
Little brown bat,Myotis lucifugus, STIRRUP-SHAPED STAPES ,"ARCHONTANS & INSECTIVORANS, (BATS, SHREWS, MOLES, HEDGEHOGS, PRIMATES): 65 mya",LC,TRUE,MAMMALS OF NY STATE
Star-nosed mole,Condylura cristata, STIRRUP-SHAPED STAPES ,"ARCHONTANS & INSECTIVORANS, (BATS, SHREWS, MOLES, HEDGEHOGS, PRIMATES): 65 mya",LC,TRUE,MAMMALS OF NY STATE
Hairy-tailed mole,Parascalops breweri, STIRRUP-SHAPED STAPES ,"ARCHONTANS & INSECTIVORANS, (BATS, SHREWS, MOLES, HEDGEHOGS, PRIMATES): 65 mya",LC,TRUE,MAMMALS OF NY STATE
Easter mole,Scalopus aquaticus, STIRRUP-SHAPED STAPES ,"ARCHONTANS & INSECTIVORANS, (BATS, SHREWS, MOLES, HEDGEHOGS, PRIMATES): 65 mya",LC,TRUE,MAMMALS OF NY STATE
Northern water shrew,Sorex palustris, STIRRUP-SHAPED STAPES ,"ARCHONTANS & INSECTIVORANS, (BATS, SHREWS, MOLES, HEDGEHOGS, PRIMATES): 65 mya",LC,TRUE,MAMMALS OF NY STATE
Long-tailed shrew,Sorex dispar, STIRRUP-SHAPED STAPES ,"ARCHONTANS & INSECTIVORANS, (BATS, SHREWS, MOLES, HEDGEHOGS, PRIMATES): 65 mya",LC,TRUE,MAMMALS OF NY STATE
Masked shrew,Sorex cinereus, STIRRUP-SHAPED STAPES ,"ARCHONTANS & INSECTIVORANS, (BATS, SHREWS, MOLES, HEDGEHOGS, PRIMATES): 65 mya",LC,TRUE,MAMMALS OF NY STATE
Smoky shrew,Sorex fumeus, STIRRUP-SHAPED STAPES ,"ARCHONTANS & INSECTIVORANS, (BATS, SHREWS, MOLES, HEDGEHOGS, PRIMATES): 65 mya",LC,TRUE,MAMMALS OF NY STATE
Pygmy shrew,Sorex hoyi, STIRRUP-SHAPED STAPES ,"ARCHONTANS & INSECTIVORANS, (BATS, SHREWS, MOLES, HEDGEHOGS, PRIMATES): 65 mya",LC,TRUE,MAMMALS OF NY STATE
Small short-tailed shrew,Blarina brevicauda, STIRRUP-SHAPED STAPES ,"ARCHONTANS & INSECTIVORANS, (BATS, SHREWS, MOLES, HEDGEHOGS, PRIMATES): 65 mya",LC,TRUE,MAMMALS OF NY STATE
Short-tailed shrew,Blarina brevicauda, STIRRUP-SHAPED STAPES ,"ARCHONTANS & INSECTIVORANS, (BATS, SHREWS, MOLES, HEDGEHOGS, PRIMATES): 65 mya",LC,TRUE,MAMMALS OF NY STATE
Common opossum,Didelphis marsupialis,3 MIDDLE EAR BONES,"TRICODONTRIA, MARSUPIALS, MONOTREMES: 200 mya",LC,TRUE,MAMMALS AND THEIR EXTINCT RELATIVES
Thylacinus cynocephalus,Thylacinus cynocephalus,3 MIDDLE EAR BONES,"TRICODONTRIA, MARSUPIALS, MONOTREMES: 200 mya",EX,FALSE,MAMMALS AND THEIR EXTINCT RELATIVES
Tree hare,Dendrolagus lumholtzi,3 MIDDLE EAR BONES,"TRICODONTRIA, MARSUPIALS, MONOTREMES: 200 mya",NT,TRUE,MAMMALS AND THEIR EXTINCT RELATIVES
Spotted hyena,Crocuta crocuta, STIRRUP-SHAPED STAPES ,"CARNIVORES, aka CATS, DOGS, SEALS, and BEARS: 65 mya.",LC,TRUE,MAMMALS AND THEIR EXTINCT RELATIVES
Eurasian cave lion,Panthera leo spelaea, STIRRUP-SHAPED STAPES ,"CARNIVORES, aka CATS, DOGS, SEALS, and BEARS: 65 mya.",EX,FALSE,MAMMALS AND THEIR EXTINCT RELATIVES
Red Panda,Ailurus fulgens, STIRRUP-SHAPED STAPES ,"CARNIVORES, aka CATS, DOGS, SEALS, and BEARS: 65 mya.",EN,TRUE,MAMMALS AND THEIR EXTINCT RELATIVES
Cave bear,Ursus spelaeus, STIRRUP-SHAPED STAPES ,"CARNIVORES, aka CATS, DOGS, SEALS, and BEARS: 65 mya.",EX,TRUE,MAMMALS AND THEIR EXTINCT RELATIVES
European rabbit,Oryctolagus cuniculus, STIRRUP-SHAPED STAPES ,"GLIRES, aka RODENTS and RABBITS: 65 mya",NT,TRUE,MAMMALS AND THEIR EXTINCT RELATIVES
Archaeolemur majori,Archaeolemur majori, STIRRUP-SHAPED STAPES ,"ARCHONTANS & INSECTIVORANS, (BATS, SHREWS, MOLES, HEDGEHOGS, PRIMATES): 65 mya",EX,FALSE,MAMMALS AND THEIR EXTINCT RELATIVES
Jamaican fruit bat,Artibeus jamaicensis, STIRRUP-SHAPED STAPES ,"ARCHONTANS & INSECTIVORANS, (BATS, SHREWS, MOLES, HEDGEHOGS, PRIMATES): 65 mya",LC,TRUE,MAMMALS AND THEIR EXTINCT RELATIVES
Lyle's flying fox,Pteropus lylei, STIRRUP-SHAPED STAPES ,"ARCHONTANS & INSECTIVORANS, (BATS, SHREWS, MOLES, HEDGEHOGS, PRIMATES): 65 mya",VU,TRUE,MAMMALS AND THEIR EXTINCT RELATIVES
Koala Lemur,Megaladapis edwardsi, STIRRUP-SHAPED STAPES ,"ARCHONTANS & INSECTIVORANS, (BATS, SHREWS, MOLES, HEDGEHOGS, PRIMATES): 65 mya",EX,FALSE,MAMMALS AND THEIR EXTINCT RELATIVES
Giant Forest Hog,Hylochoerus meinertzhageni,HOOVES,"ARTIODACTYLS, aka PIGS, HIPPOS, CAMELS, DEER, CATTLE: 60 mya",LC,TRUE,MAMMALS AND THEIR EXTINCT RELATIVES
Helmeted muskox,Bootherium bombifrons,HOOVES,"ARTIODACTYLS, aka PIGS, HIPPOS, CAMELS, DEER, CATTLE: 60 mya",EX,FALSE,MAMMALS AND THEIR EXTINCT RELATIVES
Muskox,Bos Gaurus Gaurus,HOOVES,"ARTIODACTYLS, aka PIGS, HIPPOS, CAMELS, DEER, CATTLE: 60 mya",LC,TRUE,MAMMALS AND THEIR EXTINCT RELATIVES
Steppe bison,Bison priscus,HOOVES,"ARTIODACTYLS, aka PIGS, HIPPOS, CAMELS, DEER, CATTLE: 60 mya",EX,FALSE,MAMMALS AND THEIR EXTINCT RELATIVES
Irish elk,Megaloceros giganteus,HOOVES,"ARTIODACTYLS, aka PIGS, HIPPOS, CAMELS, DEER, CATTLE: 60 mya",EX,FALSE,MAMMALS AND THEIR EXTINCT RELATIVES
Long llama,Macrauchenia patachonica,HOOVES,NOTOUNGULATES & LITOPTERNS: 60mya (all are extinct),EX,FALSE,MAMMALS AND THEIR EXTINCT RELATIVES
Narwhal,Monodon monoceros ,HOOVES,"CETACEANS, aka WHALES and DOLPHINS: 60mya",NT,TRUE,MAMMALS AND THEIR EXTINCT RELATIVES
Mastodon,Mammut americanum,EYES TO FRONT OF SKULL,"PROBOSCIDEANS, aka ELEPHANTS and MAMMOTHS",EX,FALSE,MAMMALS AND THEIR EXTINCT RELATIVES
Woolly mammoth,Mammuthus primigenius,EYES TO FRONT OF SKULL,"PROBOSCIDEANS, aka ELEPHANTS and MAMMOTHS",EX,FALSE,MAMMALS AND THEIR EXTINCT RELATIVES
Siamang,Symphalangus syndactylus, STIRRUP-SHAPED STAPES ,"ARCHONTANS & INSECTIVORANS, (BATS, SHREWS, MOLES, HEDGEHOGS, PRIMATES): 65 mya",EN,TRUE,HALL OF HUMAN ORIGINS
Mammoth,Archidiskodon meridionalis, STIRRUP-SHAPED STAPES ,"ARCHONTANS & INSECTIVORANS, (BATS, SHREWS, MOLES, HEDGEHOGS, PRIMATES): 65 mya",EX,FALSE,MAMMALS AND THEIR EXTINCT RELATIVES
Saber-toothed cat,Smilodon, STIRRUP-SHAPED STAPES ,"CARNIVORES, aka CATS, DOGS, SEALS, and BEARS: 65 mya.",EX,FALSE,MAMMALS AND THEIR EXTINCT RELATIVES
Short-necked giraffe,Giraffa camelopardalis, STIRRUP-SHAPED STAPES ,"ARCHONTANS & INSECTIVORANS, (BATS, SHREWS, MOLES, HEDGEHOGS, PRIMATES): 65 mya",VU,TRUE,HALL OF HUMAN ORIGINS
Eurasian wolf,Canis etruscus, STIRRUP-SHAPED STAPES ,"ARCHONTANS & INSECTIVORANS, (BATS, SHREWS, MOLES, HEDGEHOGS, PRIMATES): 65 mya",LC,TRUE,HALL OF HUMAN ORIGINS
Caucasian Lion,Panthera leo persica, STIRRUP-SHAPED STAPES ,"ARCHONTANS & INSECTIVORANS, (BATS, SHREWS, MOLES, HEDGEHOGS, PRIMATES): 65 mya",VU,TRUE,HALL OF HUMAN ORIGINS
Homo heidelbergensis,Homo heidelbergensis, STIRRUP-SHAPED STAPES ,"ARCHONTANS & INSECTIVORANS, (BATS, SHREWS, MOLES, HEDGEHOGS, PRIMATES): 65 mya",EX,FALSE,HALL OF HUMAN ORIGINS
Short-beaked common dolphin,Delphinus delphis,HOOVES,"CETACEANS, aka WHALES and DOLPHINS: 60mya",LC,TRUE,HALL OF OCEAN LIFE
Giant Anteater,Myrmecophaga tridactyla,PLACENTA,"EDENTATES, aka SLOTHS, ARMADILLOS, and ANTEATERS: 65 mya",VU,TRUE,HALL OF BIODIVERSITY
Tree Pangolin,Verreaux Sifaka, STIRRUP-SHAPED STAPES ,"CARNIVORES, aka CATS, DOGS, SEALS, and BEARS: 65 mya.",EN,TRUE,HALL OF BIODIVERSITY
Demidoffos galago,Galagoides demidoff, STIRRUP-SHAPED STAPES ,"ARCHONTANS & INSECTIVORANS, (BATS, SHREWS, MOLES, HEDGEHOGS, PRIMATES): 65 mya",LC,TRUE,HALL OF BIODIVERSITY
Thomson's gazelle,Eudorcas thomsonii,HOOVES,"ARTIODACTYLS, aka PIGS, HIPPOS, CAMELS, DEER, CATTLE: 60 mya",NT,TRUE,HALL OF AFRICAN MAMMALS
Grant's gazelle,Nanger granti,HOOVES,"ARTIODACTYLS, aka PIGS, HIPPOS, CAMELS, DEER, CATTLE: 60 mya",LC,TRUE,HALL OF AFRICAN MAMMALS
Waller's gazelle,Litocranius walleri,HOOVES,"ARTIODACTYLS, aka PIGS, HIPPOS, CAMELS, DEER, CATTLE: 60 mya",NT,TRUE,HALL OF AFRICAN MAMMALS
Kirk's dikdiks,Madoqua kirkii,HOOVES,"ARTIODACTYLS, aka PIGS, HIPPOS, CAMELS, DEER, CATTLE: 60 mya",LC,TRUE,HALL OF AFRICAN MAMMALS
Eld's deer,Rucervus eldii,HOOVES,"ARTIODACTYLS, aka PIGS, HIPPOS, CAMELS, DEER, CATTLE: 60 mya",EN,TRUE,HALL OF ASIAN MAMMALS
Bushbaby/Galago,Otolemur crassicaudatus, STIRRUP-SHAPED STAPES ,"ARCHONTANS & INSECTIVORANS, (BATS, SHREWS, MOLES, HEDGEHOGS, PRIMATES): 65 mya",LC,TRUE,HALL OF PRIMATES
Marmoset/Tamarin,Callithrix jacchus, STIRRUP-SHAPED STAPES ,"ARCHONTANS & INSECTIVORANS, (BATS, SHREWS, MOLES, HEDGEHOGS, PRIMATES): 65 mya",LC,TRUE,HALL OF PRIMATES
Woolly monkey,Lagothrix lagotricha, STIRRUP-SHAPED STAPES ,"ARCHONTANS & INSECTIVORANS, (BATS, SHREWS, MOLES, HEDGEHOGS, PRIMATES): 65 mya",EN,TRUE,HALL OF PRIMATES
Spider monkey,Ateles fusciceps, STIRRUP-SHAPED STAPES ,"ARCHONTANS & INSECTIVORANS, (BATS, SHREWS, MOLES, HEDGEHOGS, PRIMATES): 65 mya",CR,TRUE,HALL OF PRIMATES
Squirrel monkey,Saimiri, STIRRUP-SHAPED STAPES ,"ARCHONTANS & INSECTIVORANS, (BATS, SHREWS, MOLES, HEDGEHOGS, PRIMATES): 65 mya",LC,TRUE,HALL OF PRIMATES
Capuchins,Cebinae, STIRRUP-SHAPED STAPES ,"ARCHONTANS & INSECTIVORANS, (BATS, SHREWS, MOLES, HEDGEHOGS, PRIMATES): 65 mya",LC,TRUE,HALL OF PRIMATES
Howler monkey,Alouatta, STIRRUP-SHAPED STAPES ,"ARCHONTANS & INSECTIVORANS, (BATS, SHREWS, MOLES, HEDGEHOGS, PRIMATES): 65 mya",LC,TRUE,HALL OF PRIMATES
Colobus,Colobus, STIRRUP-SHAPED STAPES ,"ARCHONTANS & INSECTIVORANS, (BATS, SHREWS, MOLES, HEDGEHOGS, PRIMATES): 65 mya",VU,TRUE,HALL OF PRIMATES
Langurs,Trachypithecus auratus, STIRRUP-SHAPED STAPES ,"ARCHONTANS & INSECTIVORANS, (BATS, SHREWS, MOLES, HEDGEHOGS, PRIMATES): 65 mya",VU,TRUE,HALL OF PRIMATES
Barbary Macaque,Macaca sylvanus, STIRRUP-SHAPED STAPES ,"ARCHONTANS & INSECTIVORANS, (BATS, SHREWS, MOLES, HEDGEHOGS, PRIMATES): 65 mya",EN,TRUE,HALL OF PRIMATES
Titi Monkey ,Callicebinae, STIRRUP-SHAPED STAPES ,"ARCHONTANS & INSECTIVORANS, (BATS, SHREWS, MOLES, HEDGEHOGS, PRIMATES): 65 mya",LC,TRUE,HALL OF PRIMATES